,date,team,location,opponent,outcome,seconds_played,made_field_goals,attempted_field_goals,made_three_point_field_goals,attempted_three_point_field_goals,made_free_throws,attempted_free_throws,offensive_rebounds,defensive_rebounds,assists,steals,blocks,turnovers,personal_fouls,points_scored,game_score,plus_minus
0,2014-10-29,Team.OKLAHOMA_CITY_THUNDER,Location.AWAY,Team.PORTLAND_TRAIL_BLAZERS,Outcome.LOSS,1959,11,26,1,2,15,16,2,1,6,3,0,2,3,38,29.5,-4
1,2014-10-30,Team.OKLAHOMA_CITY_THUNDER,Location.AWAY,Team.LOS_ANGELES_CLIPPERS,Outcome.LOSS,523,1,3,0,1,0,0,0,0,4,1,0,3,2,2,0.3,-3
2,2014-11-28,Team.OKLAHOMA_CITY_THUNDER,Location.HOME,Team.NEW_YORK_KNICKS,Outcome.WIN,1428,12,17,3,4,5,7,4,3,8,1,0,3,2,32,30.6,24
3,2014-12-02,Team.OKLAHOMA_CITY_THUNDER,Location.AWAY,Team.NEW_ORLEANS_PELICANS,Outcome.LOSS,1982,6,20,1,4,8,9,1,5,7,2,0,7,3,21,9.9,-16
4,2014-12-05,Team.OKLAHOMA_CITY_THUNDER,Location.AWAY,Team.PHILADELPHIA_76ERS,Outcome.WIN,1843,8,14,1,3,10,14,0,5,7,2,0,6,3,27,20.0,11
5,2014-12-07,Team.OKLAHOMA_CITY_THUNDER,Location.AWAY,Team.DETROIT_PISTONS,Outcome.WIN,2080,9,19,1,3,3,6,1,10,7,0,0,4,1,22,15.3,-9
6,2014-12-09,Team.OKLAHOMA_CITY_THUNDER,Location.HOME,Team.MILWAUKEE_BUCKS,Outcome.WIN,1927,8,16,0,2,12,15,2,3,7,3,0,5,5,28,22.0,24
7,2014-12-11,Team.OKLAHOMA_CITY_THUNDER,Location.HOME,Team.CLEVELAND_CAVALIERS,Outcome.WIN,2145,12,24,0,2,2,2,1,6,8,1,0,4,0,26,19.1,5
8,2014-12-12,Team.OKLAHOMA_CITY_THUNDER,Location.AWAY,Team.MINNESOTA_TIMBERWOLVES,Outcome.WIN,2145,12,19,2,3,8,9,1,5,6,2,0,4,3,34,28.3,16
9,2014-12-14,Team.OKLAHOMA_CITY_THUNDER,Location.HOME,Team.PHOENIX_SUNS,Outcome.WIN,1591,7,18,1,4,13,13,4,4,8,2,0,3,2,28,26.0,17
10,2014-12-16,Team.OKLAHOMA_CITY_THUNDER,Location.AWAY,Team.SACRAMENTO_KINGS,Outcome.WIN,1910,11,20,1,3,9,12,3,3,7,4,0,1,4,32,30.5,23
11,2014-12-18,Team.OKLAHOMA_CITY_THUNDER,Location.AWAY,Team.GOLDEN_STATE_WARRIORS,Outcome.LOSS,2411,11,30,3,10,8,12,1,2,8,2,0,6,2,33,16.9,2
12,2014-12-19,Team.OKLAHOMA_CITY_THUNDER,Location.AWAY,Team.LOS_ANGELES_LAKERS,Outcome.WIN,2175,9,22,0,1,13,13,0,5,10,1,0,1,2,31,26.9,-1
13,2014-12-21,Team.OKLAHOMA_CITY_THUNDER,Location.HOME,Team.NEW_ORLEANS_PELICANS,Outcome.LOSS,2090,10,27,0,6,9,11,4,1,8,3,0,6,2,29,18.2,5
14,2014-12-23,Team.OKLAHOMA_CITY_THUNDER,Location.HOME,Team.PORTLAND_TRAIL_BLAZERS,Outcome.LOSS,2316,16,34,1,5,7,9,5,5,6,3,0,2,6,40,29.6,-9
15,2014-12-25,Team.OKLAHOMA_CITY_THUNDER,Location.AWAY,Team.SAN_ANTONIO_SPURS,Outcome.WIN,2080,14,28,0,1,6,8,1,4,11,5,0,4,0,34,29.8,27
16,2014-12-26,Team.OKLAHOMA_CITY_THUNDER,Location.HOME,Team.CHARLOTTE_HORNETS,Outcome.WIN,1527,11,21,1,1,6,6,1,1,5,2,1,6,2,29,19.1,20
17,2014-12-28,Team.OKLAHOMA_CITY_THUNDER,Location.AWAY,Team.DALLAS_MAVERICKS,Outcome.LOSS,2182,6,23,0,1,6,9,3,6,9,5,0,5,5,18,11.3,-8
18,2014-12-31,Team.OKLAHOMA_CITY_THUNDER,Location.HOME,Team.PHOENIX_SUNS,Outcome.WIN,1036,5,13,1,2,9,10,2,2,4,1,0,1,1,20,16.9,2
19,2015-01-02,Team.OKLAHOMA_CITY_THUNDER,Location.HOME,Team.WASHINGTON_WIZARDS,Outcome.WIN,1798,8,23,0,3,6,7,0,3,6,2,0,2,5,22,11.8,-9
20,2015-01-05,Team.OKLAHOMA_CITY_THUNDER,Location.AWAY,Team.GOLDEN_STATE_WARRIORS,Outcome.LOSS,1767,5,21,1,5,11,14,4,3,5,1,0,2,2,22,13.5,-13
21,2015-01-07,Team.OKLAHOMA_CITY_THUNDER,Location.AWAY,Team.SACRAMENTO_KINGS,Outcome.LOSS,1647,3,19,0,5,4,5,3,4,4,1,0,7,4,10,-4.0,-23
22,2015-01-09,Team.OKLAHOMA_CITY_THUNDER,Location.HOME,Team.UTAH_JAZZ,Outcome.WIN,2250,9,17,1,1,6,6,1,3,12,3,0,3,3,25,25.5,22
23,2015-01-15,Team.OKLAHOMA_CITY_THUNDER,Location.AWAY,Team.HOUSTON_ROCKETS,Outcome.LOSS,2267,6,13,1,3,3,4,3,5,8,5,0,8,5,16,13.1,-11
24,2015-01-16,Team.OKLAHOMA_CITY_THUNDER,Location.HOME,Team.GOLDEN_STATE_WARRIORS,Outcome.WIN,2155,7,19,1,4,2,4,3,12,16,4,0,3,4,17,22.0,19
25,2015-01-18,Team.OKLAHOMA_CITY_THUNDER,Location.AWAY,Team.ORLANDO_MAGIC,Outcome.WIN,1462,7,12,0,3,3,6,1,0,6,1,1,4,2,17,12.0,15
26,2015-01-20,Team.OKLAHOMA_CITY_THUNDER,Location.AWAY,Team.MIAMI_HEAT,Outcome.WIN,2108,8,17,0,2,3,4,5,5,6,4,0,3,2,19,19.3,2
27,2015-01-21,Team.OKLAHOMA_CITY_THUNDER,Location.AWAY,Team.WASHINGTON_WIZARDS,Outcome.WIN,2528,12,28,0,4,8,10,2,6,8,1,0,3,4,32,21.6,1
28,2015-01-23,Team.OKLAHOMA_CITY_THUNDER,Location.AWAY,Team.ATLANTA_HAWKS,Outcome.LOSS,2160,8,16,2,4,4,6,1,2,11,3,0,4,3,22,20.0,-6
29,2015-01-25,Team.OKLAHOMA_CITY_THUNDER,Location.AWAY,Team.CLEVELAND_CAVALIERS,Outcome.LOSS,2371,7,26,3,6,5,7,4,5,11,2,1,2,3,22,17.3,3
30,2015-01-26,Team.OKLAHOMA_CITY_THUNDER,Location.HOME,Team.MINNESOTA_TIMBERWOLVES,Outcome.WIN,1842,7,22,0,3,4,6,1,3,5,1,0,4,2,18,5.9,0
31,2015-01-28,Team.OKLAHOMA_CITY_THUNDER,Location.AWAY,Team.NEW_YORK_KNICKS,Outcome.LOSS,2073,13,30,2,8,12,12,0,4,4,2,1,4,1,40,26.5,-15
32,2015-01-31,Team.OKLAHOMA_CITY_THUNDER,Location.AWAY,Team.MEMPHIS_GRIZZLIES,Outcome.LOSS,1912,5,16,1,3,3,4,1,5,5,0,0,3,4,14,5.5,-7
33,2015-02-02,Team.OKLAHOMA_CITY_THUNDER,Location.HOME,Team.ORLANDO_MAGIC,Outcome.WIN,2301,8,15,1,3,8,8,1,10,14,4,1,2,1,25,33.5,3
34,2015-02-04,Team.OKLAHOMA_CITY_THUNDER,Location.AWAY,Team.NEW_ORLEANS_PELICANS,Outcome.WIN,2428,18,31,2,6,7,9,0,6,6,1,1,6,2,45,30.6,16
35,2015-02-06,Team.OKLAHOMA_CITY_THUNDER,Location.HOME,Team.NEW_ORLEANS_PELICANS,Outcome.LOSS,2382,15,28,3,5,15,15,3,6,11,4,0,3,4,48,45.4,5
36,2015-02-08,Team.OKLAHOMA_CITY_THUNDER,Location.HOME,Team.LOS_ANGELES_CLIPPERS,Outcome.WIN,1890,6,19,1,4,6,6,2,9,5,1,0,5,2,19,10.9,18
37,2015-02-09,Team.OKLAHOMA_CITY_THUNDER,Location.AWAY,Team.DENVER_NUGGETS,Outcome.WIN,1938,8,14,1,2,9,12,1,4,9,0,0,1,1,26,25.0,11
38,2015-02-11,Team.OKLAHOMA_CITY_THUNDER,Location.HOME,Team.MEMPHIS_GRIZZLIES,Outcome.WIN,1945,4,15,1,3,15,15,1,8,9,1,0,4,1,24,21.1,21
39,2015-02-19,Team.OKLAHOMA_CITY_THUNDER,Location.HOME,Team.DALLAS_MAVERICKS,Outcome.WIN,2141,9,17,2,4,14,14,2,3,10,2,0,6,3,34,29.8,17
40,2015-02-21,Team.OKLAHOMA_CITY_THUNDER,Location.AWAY,Team.CHARLOTTE_HORNETS,Outcome.WIN,2129,12,27,0,3,9,9,2,5,10,1,0,6,2,33,23.0,2
41,2015-02-22,Team.OKLAHOMA_CITY_THUNDER,Location.HOME,Team.DENVER_NUGGETS,Outcome.WIN,1643,8,12,2,3,3,5,1,7,17,0,0,2,1,21,27.3,33
42,2015-02-24,Team.OKLAHOMA_CITY_THUNDER,Location.HOME,Team.INDIANA_PACERS,Outcome.WIN,1695,8,19,1,3,3,3,0,11,10,1,0,5,1,20,15.8,0
43,2015-02-26,Team.OKLAHOMA_CITY_THUNDER,Location.AWAY,Team.PHOENIX_SUNS,Outcome.LOSS,2560,12,38,1,10,14,16,3,11,11,3,0,4,3,39,27.3,4
44,2015-02-27,Team.OKLAHOMA_CITY_THUNDER,Location.AWAY,Team.PORTLAND_TRAIL_BLAZERS,Outcome.LOSS,2246,14,32,0,1,12,14,5,8,11,1,0,6,1,40,30.6,-12
45,2015-03-04,Team.OKLAHOMA_CITY_THUNDER,Location.HOME,Team.PHILADELPHIA_76ERS,Outcome.WIN,2544,16,33,1,4,16,20,3,12,10,3,1,4,3,49,41.9,-12
46,2015-03-05,Team.OKLAHOMA_CITY_THUNDER,Location.AWAY,Team.CHICAGO_BULLS,Outcome.LOSS,2287,14,32,3,5,12,15,2,6,7,2,0,5,3,43,28.9,-8
47,2015-03-08,Team.OKLAHOMA_CITY_THUNDER,Location.HOME,Team.TORONTO_RAPTORS,Outcome.WIN,2406,9,21,1,4,11,13,3,8,17,4,1,9,1,30,29.8,5
48,2015-03-11,Team.OKLAHOMA_CITY_THUNDER,Location.HOME,Team.LOS_ANGELES_CLIPPERS,Outcome.LOSS,2157,5,14,3,6,11,13,2,7,7,2,0,10,4,24,14.2,-22
49,2015-03-13,Team.OKLAHOMA_CITY_THUNDER,Location.HOME,Team.MINNESOTA_TIMBERWOLVES,Outcome.WIN,2125,11,24,3,6,4,4,4,6,12,2,0,8,1,29,23.2,18
50,2015-03-15,Team.OKLAHOMA_CITY_THUNDER,Location.HOME,Team.CHICAGO_BULLS,Outcome.WIN,2445,12,27,2,6,10,13,1,10,6,1,0,4,1,36,25.2,13
51,2015-03-16,Team.OKLAHOMA_CITY_THUNDER,Location.AWAY,Team.DALLAS_MAVERICKS,Outcome.LOSS,2162,7,17,1,4,9,10,1,7,12,4,1,7,6,24,21.0,-3
52,2015-03-18,Team.OKLAHOMA_CITY_THUNDER,Location.HOME,Team.BOSTON_CELTICS,Outcome.WIN,2423,8,26,1,6,19,22,2,3,10,5,0,7,5,36,25.1,7
53,2015-03-20,Team.OKLAHOMA_CITY_THUNDER,Location.HOME,Team.ATLANTA_HAWKS,Outcome.WIN,2667,8,24,3,6,17,17,2,8,14,1,0,6,3,36,29.8,14
54,2015-03-22,Team.OKLAHOMA_CITY_THUNDER,Location.HOME,Team.MIAMI_HEAT,Outcome.WIN,2036,5,16,1,4,1,2,3,6,17,4,2,5,3,12,17.4,11
55,2015-03-24,Team.OKLAHOMA_CITY_THUNDER,Location.HOME,Team.LOS_ANGELES_LAKERS,Outcome.WIN,1797,9,17,2,3,7,8,0,2,11,2,1,2,3,27,26.1,12
56,2015-03-25,Team.OKLAHOMA_CITY_THUNDER,Location.AWAY,Team.SAN_ANTONIO_SPURS,Outcome.LOSS,1552,5,16,0,3,6,6,1,3,7,2,0,4,1,16,10.9,-30
57,2015-03-28,Team.OKLAHOMA_CITY_THUNDER,Location.AWAY,Team.UTAH_JAZZ,Outcome.LOSS,2448,12,29,3,9,10,12,1,7,6,0,0,9,4,37,17.1,0
58,2015-03-29,Team.OKLAHOMA_CITY_THUNDER,Location.AWAY,Team.PHOENIX_SUNS,Outcome.WIN,2268,10,29,1,7,12,14,2,7,7,3,1,4,3,33,22.8,8
59,2015-04-01,Team.OKLAHOMA_CITY_THUNDER,Location.HOME,Team.DALLAS_MAVERICKS,Outcome.LOSS,2630,10,32,2,11,9,11,3,8,11,1,0,6,4,31,17.4,-3
60,2015-04-03,Team.OKLAHOMA_CITY_THUNDER,Location.AWAY,Team.MEMPHIS_GRIZZLIES,Outcome.LOSS,2260,5,20,0,3,8,13,3,4,7,1,1,5,2,18,8.1,-10
61,2015-04-05,Team.OKLAHOMA_CITY_THUNDER,Location.HOME,Team.HOUSTON_ROCKETS,Outcome.LOSS,2433,12,29,4,11,12,15,1,10,13,0,0,4,5,40,30.1,2
62,2015-04-07,Team.OKLAHOMA_CITY_THUNDER,Location.HOME,Team.SAN_ANTONIO_SPURS,Outcome.LOSS,1580,7,16,1,2,2,4,0,2,2,6,0,4,3,17,10.6,-20
63,2015-04-10,Team.OKLAHOMA_CITY_THUNDER,Location.HOME,Team.SACRAMENTO_KINGS,Outcome.WIN,2281,11,19,1,4,4,4,1,4,10,0,0,4,3,27,21.8,12
64,2015-04-12,Team.OKLAHOMA_CITY_THUNDER,Location.AWAY,Team.INDIANA_PACERS,Outcome.LOSS,2422,21,43,5,15,7,11,1,8,8,1,0,2,5,54,36.4,-4
65,2015-04-13,Team.OKLAHOMA_CITY_THUNDER,Location.HOME,Team.PORTLAND_TRAIL_BLAZERS,Outcome.WIN,2280,13,27,2,5,8,8,2,9,7,2,0,5,5,36,26.3,16
66,2015-04-15,Team.OKLAHOMA_CITY_THUNDER,Location.AWAY,Team.MINNESOTA_TIMBERWOLVES,Outcome.WIN,1917,11,20,2,5,13,17,0,8,7,2,0,4,2,37,30.3,23
0,2015-10-28,Team.OKLAHOMA_CITY_THUNDER,Location.HOME,Team.SAN_ANTONIO_SPURS,Outcome.WIN,2219,12,23,3,6,6,7,1,1,10,2,0,5,3,33,25.1,7
1,2015-10-30,Team.OKLAHOMA_CITY_THUNDER,Location.AWAY,Team.ORLANDO_MAGIC,Outcome.WIN,2855,17,36,1,5,13,16,5,6,8,1,1,6,3,48,33.8,2
2,2015-11-01,Team.OKLAHOMA_CITY_THUNDER,Location.HOME,Team.DENVER_NUGGETS,Outcome.WIN,1526,7,13,1,4,0,0,2,7,8,3,0,4,0,15,16.8,22
3,2015-11-02,Team.OKLAHOMA_CITY_THUNDER,Location.AWAY,Team.HOUSTON_ROCKETS,Outcome.LOSS,1917,10,16,3,6,2,2,2,6,11,2,0,7,5,25,21.7,4
4,2015-11-04,Team.OKLAHOMA_CITY_THUNDER,Location.HOME,Team.TORONTO_RAPTORS,Outcome.LOSS,2120,8,21,3,9,3,4,0,5,16,2,0,8,4,22,15.2,3
5,2015-11-05,Team.OKLAHOMA_CITY_THUNDER,Location.AWAY,Team.CHICAGO_BULLS,Outcome.LOSS,2314,7,18,0,2,6,6,2,6,10,1,0,2,2,20,18.6,8
6,2015-11-08,Team.OKLAHOMA_CITY_THUNDER,Location.HOME,Team.PHOENIX_SUNS,Outcome.WIN,2038,9,20,0,3,3,4,4,2,13,4,0,2,3,21,23.5,26
7,2015-11-10,Team.OKLAHOMA_CITY_THUNDER,Location.AWAY,Team.WASHINGTON_WIZARDS,Outcome.WIN,1666,7,17,3,4,5,6,2,9,11,1,0,5,0,22,20.3,23
8,2015-11-13,Team.OKLAHOMA_CITY_THUNDER,Location.HOME,Team.PHILADELPHIA_76ERS,Outcome.WIN,2087,8,22,2,6,3,4,4,13,11,3,0,6,1,21,19.4,16
9,2015-11-15,Team.OKLAHOMA_CITY_THUNDER,Location.HOME,Team.BOSTON_CELTICS,Outcome.LOSS,1957,5,20,2,10,15,17,1,3,5,3,2,4,4,27,18.1,-7
10,2015-11-16,Team.OKLAHOMA_CITY_THUNDER,Location.AWAY,Team.MEMPHIS_GRIZZLIES,Outcome.LOSS,2312,13,19,5,8,9,13,1,3,14,3,0,8,1,40,36.3,2
11,2015-11-18,Team.OKLAHOMA_CITY_THUNDER,Location.HOME,Team.NEW_ORLEANS_PELICANS,Outcome.WIN,2164,14,25,0,3,15,20,3,6,8,1,1,4,1,43,35.9,-5
12,2015-11-20,Team.OKLAHOMA_CITY_THUNDER,Location.HOME,Team.NEW_YORK_KNICKS,Outcome.LOSS,2257,11,29,2,10,10,12,3,4,7,4,1,3,4,34,25.6,4
13,2015-11-22,Team.OKLAHOMA_CITY_THUNDER,Location.HOME,Team.DALLAS_MAVERICKS,Outcome.WIN,2213,12,22,2,5,5,6,0,5,11,5,1,7,1,31,27.5,4
14,2015-11-23,Team.OKLAHOMA_CITY_THUNDER,Location.AWAY,Team.UTAH_JAZZ,Outcome.WIN,1638,5,10,0,2,10,10,2,5,9,1,0,4,3,20,20.0,9
15,2015-11-25,Team.OKLAHOMA_CITY_THUNDER,Location.HOME,Team.BROOKLYN_NETS,Outcome.WIN,2114,10,16,0,3,7,8,1,5,13,5,0,3,1,27,32.3,16
16,2015-11-27,Team.OKLAHOMA_CITY_THUNDER,Location.HOME,Team.DETROIT_PISTONS,Outcome.WIN,1717,5,14,1,3,3,5,2,2,4,1,0,11,6,14,-2.2,9
17,2015-11-30,Team.OKLAHOMA_CITY_THUNDER,Location.AWAY,Team.ATLANTA_HAWKS,Outcome.LOSS,2157,11,24,1,5,11,11,2,9,7,2,0,6,3,34,25.4,-2
18,2015-12-03,Team.OKLAHOMA_CITY_THUNDER,Location.AWAY,Team.MIAMI_HEAT,Outcome.LOSS,2067,8,18,0,3,9,9,1,4,6,1,0,7,1,25,15.3,8
19,2015-12-06,Team.OKLAHOMA_CITY_THUNDER,Location.HOME,Team.SACRAMENTO_KINGS,Outcome.WIN,2272,7,13,1,3,4,5,0,11,10,3,0,3,2,19,21.8,13
20,2015-12-08,Team.OKLAHOMA_CITY_THUNDER,Location.AWAY,Team.MEMPHIS_GRIZZLIES,Outcome.WIN,1496,5,7,1,2,2,2,1,4,16,2,0,3,1,13,21.8,26
21,2015-12-10,Team.OKLAHOMA_CITY_THUNDER,Location.HOME,Team.ATLANTA_HAWKS,Outcome.WIN,2308,8,17,3,4,4,6,2,4,10,3,0,2,2,23,23.3,15
22,2015-12-11,Team.OKLAHOMA_CITY_THUNDER,Location.AWAY,Team.UTAH_JAZZ,Outcome.WIN,2102,8,19,2,4,6,6,1,6,7,2,0,3,2,24,19.5,8
23,2015-12-13,Team.OKLAHOMA_CITY_THUNDER,Location.HOME,Team.UTAH_JAZZ,Outcome.WIN,2422,9,25,0,4,7,9,2,9,5,2,2,1,2,25,19.5,19
24,2015-12-16,Team.OKLAHOMA_CITY_THUNDER,Location.HOME,Team.PORTLAND_TRAIL_BLAZERS,Outcome.WIN,1613,5,15,0,3,3,3,1,2,5,2,2,3,2,13,8.9,12
25,2015-12-17,Team.OKLAHOMA_CITY_THUNDER,Location.AWAY,Team.CLEVELAND_CAVALIERS,Outcome.LOSS,2068,10,18,1,3,6,6,0,3,10,3,0,4,4,27,23.7,-4
26,2015-12-19,Team.OKLAHOMA_CITY_THUNDER,Location.HOME,Team.LOS_ANGELES_LAKERS,Outcome.WIN,1663,5,11,0,1,3,6,0,1,11,1,0,4,2,13,10.3,18
27,2015-12-21,Team.OKLAHOMA_CITY_THUNDER,Location.AWAY,Team.LOS_ANGELES_CLIPPERS,Outcome.WIN,2239,11,25,2,5,9,11,1,4,7,3,0,1,4,33,26.3,8
28,2015-12-23,Team.OKLAHOMA_CITY_THUNDER,Location.AWAY,Team.LOS_ANGELES_LAKERS,Outcome.WIN,1773,10,19,0,1,3,5,3,5,8,2,0,2,2,23,21.3,33
29,2015-12-25,Team.OKLAHOMA_CITY_THUNDER,Location.HOME,Team.CHICAGO_BULLS,Outcome.LOSS,2397,9,23,1,7,7,13,1,6,8,6,0,6,3,26,18.0,-5
30,2015-12-27,Team.OKLAHOMA_CITY_THUNDER,Location.HOME,Team.DENVER_NUGGETS,Outcome.WIN,2286,11,18,2,3,6,6,1,8,12,1,0,4,0,30,30.3,14
31,2015-12-29,Team.OKLAHOMA_CITY_THUNDER,Location.HOME,Team.MILWAUKEE_BUCKS,Outcome.WIN,2087,10,22,0,2,7,8,1,6,7,5,0,3,1,27,24.2,5
32,2015-12-31,Team.OKLAHOMA_CITY_THUNDER,Location.HOME,Team.PHOENIX_SUNS,Outcome.WIN,2068,12,19,1,3,11,11,0,1,12,5,1,2,1,36,39.5,11
33,2016-01-02,Team.OKLAHOMA_CITY_THUNDER,Location.AWAY,Team.CHARLOTTE_HORNETS,Outcome.WIN,1847,4,15,1,3,7,8,1,5,7,1,0,2,2,16,12.0,16
34,2016-01-04,Team.OKLAHOMA_CITY_THUNDER,Location.HOME,Team.SACRAMENTO_KINGS,Outcome.LOSS,2469,6,23,2,9,3,3,1,7,15,1,0,7,4,17,9.0,5
35,2016-01-06,Team.OKLAHOMA_CITY_THUNDER,Location.HOME,Team.MEMPHIS_GRIZZLIES,Outcome.WIN,1795,7,17,0,2,6,6,2,5,7,2,0,3,3,20,16.5,15
36,2016-01-08,Team.OKLAHOMA_CITY_THUNDER,Location.AWAY,Team.LOS_ANGELES_LAKERS,Outcome.WIN,2074,11,24,1,4,13,16,3,9,7,1,0,6,1,36,26.7,1
37,2016-01-10,Team.OKLAHOMA_CITY_THUNDER,Location.AWAY,Team.PORTLAND_TRAIL_BLAZERS,Outcome.LOSS,2293,7,19,2,4,9,11,1,8,15,3,0,4,6,25,23.9,3
38,2016-01-12,Team.OKLAHOMA_CITY_THUNDER,Location.AWAY,Team.MINNESOTA_TIMBERWOLVES,Outcome.WIN,1999,8,15,2,4,4,6,1,6,11,3,0,7,3,22,18.9,11
39,2016-01-13,Team.OKLAHOMA_CITY_THUNDER,Location.HOME,Team.DALLAS_MAVERICKS,Outcome.WIN,880,0,3,0,0,0,4,1,6,8,2,0,1,0,0,5.4,20
40,2016-01-15,Team.OKLAHOMA_CITY_THUNDER,Location.HOME,Team.MINNESOTA_TIMBERWOLVES,Outcome.WIN,1632,6,10,0,1,0,0,3,8,10,2,0,2,4,12,17.3,21
41,2016-01-17,Team.OKLAHOMA_CITY_THUNDER,Location.HOME,Team.MIAMI_HEAT,Outcome.WIN,2003,5,16,1,4,2,2,3,7,15,2,0,3,2,13,16.7,15
42,2016-01-19,Team.OKLAHOMA_CITY_THUNDER,Location.AWAY,Team.DENVER_NUGGETS,Outcome.WIN,2325,10,22,1,6,6,9,4,1,12,3,0,4,5,27,22.9,5
43,2016-01-20,Team.OKLAHOMA_CITY_THUNDER,Location.HOME,Team.CHARLOTTE_HORNETS,Outcome.WIN,1640,5,14,0,3,6,7,1,7,15,5,0,5,2,16,20.3,18
44,2016-01-22,Team.OKLAHOMA_CITY_THUNDER,Location.AWAY,Team.DALLAS_MAVERICKS,Outcome.WIN,2076,8,19,0,4,0,0,3,5,7,2,1,4,4,16,11.5,-9
45,2016-01-24,Team.OKLAHOMA_CITY_THUNDER,Location.AWAY,Team.BROOKLYN_NETS,Outcome.LOSS,2381,12,27,1,4,2,5,2,9,7,1,0,3,1,27,18.3,-15
46,2016-01-26,Team.OKLAHOMA_CITY_THUNDER,Location.AWAY,Team.NEW_YORK_KNICKS,Outcome.WIN,2656,13,24,0,2,4,5,2,6,10,3,0,5,3,30,25.0,18
47,2016-01-27,Team.OKLAHOMA_CITY_THUNDER,Location.AWAY,Team.MINNESOTA_TIMBERWOLVES,Outcome.WIN,2200,7,13,3,4,7,7,2,6,15,0,0,4,3,24,26.2,1
48,2016-01-29,Team.OKLAHOMA_CITY_THUNDER,Location.HOME,Team.HOUSTON_ROCKETS,Outcome.WIN,2227,9,21,1,2,7,10,1,9,14,1,1,8,3,26,19.4,6
49,2016-02-01,Team.OKLAHOMA_CITY_THUNDER,Location.HOME,Team.WASHINGTON_WIZARDS,Outcome.WIN,2168,8,13,0,3,1,1,1,12,11,1,0,5,2,17,18.3,14
50,2016-02-03,Team.OKLAHOMA_CITY_THUNDER,Location.HOME,Team.ORLANDO_MAGIC,Outcome.WIN,2261,10,18,0,1,4,4,7,12,14,2,0,2,1,24,33.3,10
51,2016-02-06,Team.OKLAHOMA_CITY_THUNDER,Location.AWAY,Team.GOLDEN_STATE_WARRIORS,Outcome.LOSS,2244,8,22,2,4,9,9,2,1,12,3,0,3,4,27,23.3,-5
52,2016-02-08,Team.OKLAHOMA_CITY_THUNDER,Location.AWAY,Team.PHOENIX_SUNS,Outcome.WIN,2174,8,19,2,5,11,12,3,5,8,2,0,6,4,29,22.1,1
53,2016-02-11,Team.OKLAHOMA_CITY_THUNDER,Location.HOME,Team.NEW_ORLEANS_PELICANS,Outcome.WIN,1705,8,14,2,5,5,6,1,8,10,0,0,2,2,23,23.3,19
54,2016-02-19,Team.OKLAHOMA_CITY_THUNDER,Location.HOME,Team.INDIANA_PACERS,Outcome.LOSS,2229,10,17,1,4,2,2,0,3,18,2,1,2,2,23,28.5,-4
55,2016-02-21,Team.OKLAHOMA_CITY_THUNDER,Location.HOME,Team.CLEVELAND_CAVALIERS,Outcome.LOSS,1984,7,15,1,3,5,6,3,6,11,1,0,1,3,20,22.3,-16
56,2016-02-24,Team.OKLAHOMA_CITY_THUNDER,Location.AWAY,Team.DALLAS_MAVERICKS,Outcome.WIN,2169,8,17,2,5,6,6,2,5,13,0,0,2,4,24,23.7,9
57,2016-02-25,Team.OKLAHOMA_CITY_THUNDER,Location.AWAY,Team.NEW_ORLEANS_PELICANS,Outcome.LOSS,2257,15,25,3,5,11,14,2,2,9,0,0,2,3,44,36.4,6
58,2016-02-27,Team.OKLAHOMA_CITY_THUNDER,Location.HOME,Team.GOLDEN_STATE_WARRIORS,Outcome.LOSS,2531,10,29,0,6,6,8,3,4,13,2,0,7,4,26,14.7,-5
59,2016-02-29,Team.OKLAHOMA_CITY_THUNDER,Location.AWAY,Team.SACRAMENTO_KINGS,Outcome.WIN,2075,6,8,2,3,6,7,2,11,15,3,0,7,2,20,26.8,2
60,2016-03-02,Team.OKLAHOMA_CITY_THUNDER,Location.AWAY,Team.LOS_ANGELES_CLIPPERS,Outcome.LOSS,2211,8,21,2,7,6,6,0,6,12,1,0,5,4,24,17.1,-7
61,2016-03-03,Team.OKLAHOMA_CITY_THUNDER,Location.AWAY,Team.GOLDEN_STATE_WARRIORS,Outcome.LOSS,2163,8,24,1,8,5,7,1,5,7,0,1,2,4,22,11.8,-6
62,2016-03-06,Team.OKLAHOMA_CITY_THUNDER,Location.AWAY,Team.MILWAUKEE_BUCKS,Outcome.WIN,2330,3,7,1,3,8,11,2,8,11,1,1,7,4,15,14.7,15
63,2016-03-09,Team.OKLAHOMA_CITY_THUNDER,Location.HOME,Team.LOS_ANGELES_CLIPPERS,Outcome.WIN,2222,9,15,0,2,7,7,2,9,19,2,1,7,2,25,30.4,0
64,2016-03-11,Team.OKLAHOMA_CITY_THUNDER,Location.HOME,Team.MINNESOTA_TIMBERWOLVES,Outcome.LOSS,2230,8,19,3,6,7,8,0,4,8,0,0,5,4,26,15.7,-10
65,2016-03-12,Team.OKLAHOMA_CITY_THUNDER,Location.AWAY,Team.SAN_ANTONIO_SPURS,Outcome.LOSS,2294,5,16,1,4,8,10,3,3,7,2,0,9,3,19,8.7,-1
66,2016-03-14,Team.OKLAHOMA_CITY_THUNDER,Location.HOME,Team.PORTLAND_TRAIL_BLAZERS,Outcome.WIN,1707,7,11,0,0,3,6,2,8,16,2,1,0,2,17,27.8,16
67,2016-03-16,Team.OKLAHOMA_CITY_THUNDER,Location.AWAY,Team.BOSTON_CELTICS,Outcome.WIN,1569,8,16,4,7,4,8,1,4,5,3,0,2,1,24,20.4,15
68,2016-03-18,Team.OKLAHOMA_CITY_THUNDER,Location.AWAY,Team.PHILADELPHIA_76ERS,Outcome.WIN,1946,8,20,2,5,2,4,3,12,10,1,2,5,2,20,17.7,27
69,2016-03-19,Team.OKLAHOMA_CITY_THUNDER,Location.AWAY,Team.INDIANA_PACERS,Outcome.WIN,2156,4,17,3,9,3,4,3,8,14,1,0,7,4,14,10.0,-2
70,2016-03-22,Team.OKLAHOMA_CITY_THUNDER,Location.HOME,Team.HOUSTON_ROCKETS,Outcome.WIN,2212,7,18,0,7,7,8,3,9,15,1,0,4,1,21,22.7,-5
71,2016-03-24,Team.OKLAHOMA_CITY_THUNDER,Location.HOME,Team.UTAH_JAZZ,Outcome.WIN,1635,6,15,1,3,2,3,1,6,9,3,0,2,1,15,15.9,16
72,2016-03-26,Team.OKLAHOMA_CITY_THUNDER,Location.HOME,Team.SAN_ANTONIO_SPURS,Outcome.WIN,2065,10,18,0,2,9,9,2,4,8,1,0,2,1,29,27.2,30
73,2016-03-28,Team.OKLAHOMA_CITY_THUNDER,Location.AWAY,Team.TORONTO_RAPTORS,Outcome.WIN,2046,10,16,1,3,5,8,3,7,12,1,0,3,1,26,27.8,35
74,2016-03-29,Team.OKLAHOMA_CITY_THUNDER,Location.AWAY,Team.DETROIT_PISTONS,Outcome.LOSS,2082,8,28,2,8,6,9,2,2,6,1,0,3,4,24,9.0,-20
75,2016-03-31,Team.OKLAHOMA_CITY_THUNDER,Location.HOME,Team.LOS_ANGELES_CLIPPERS,Outcome.WIN,2149,8,18,3,7,7,7,1,7,11,4,0,5,0,26,26.1,-4
76,2016-04-03,Team.OKLAHOMA_CITY_THUNDER,Location.AWAY,Team.HOUSTON_ROCKETS,Outcome.LOSS,2244,8,15,1,4,6,7,3,10,9,2,0,8,3,23,19.5,-8
77,2016-04-05,Team.OKLAHOMA_CITY_THUNDER,Location.AWAY,Team.DENVER_NUGGETS,Outcome.WIN,1601,4,9,2,4,3,5,3,11,12,2,0,5,1,13,17.9,26
78,2016-04-09,Team.OKLAHOMA_CITY_THUNDER,Location.AWAY,Team.SACRAMENTO_KINGS,Outcome.LOSS,2022,7,15,1,5,9,10,1,4,10,1,0,8,5,24,15.8,3
79,2016-04-11,Team.OKLAHOMA_CITY_THUNDER,Location.HOME,Team.LOS_ANGELES_LAKERS,Outcome.WIN,1659,5,13,0,5,3,5,0,10,14,1,0,3,2,13,15.1,27
0,2016-10-26,Team.OKLAHOMA_CITY_THUNDER,Location.AWAY,Team.PHILADELPHIA_76ERS,Outcome.WIN,2183,11,21,1,2,9,11,1,11,9,0,0,2,2,32,28.4,10
1,2016-10-28,Team.OKLAHOMA_CITY_THUNDER,Location.HOME,Team.PHOENIX_SUNS,Outcome.WIN,2719,17,44,2,10,15,20,3,10,10,2,0,5,3,51,32.9,7
2,2016-10-30,Team.OKLAHOMA_CITY_THUNDER,Location.HOME,Team.LOS_ANGELES_LAKERS,Outcome.WIN,2019,11,21,5,6,6,6,4,7,16,1,1,7,3,33,32.3,10
3,2016-11-02,Team.OKLAHOMA_CITY_THUNDER,Location.AWAY,Team.LOS_ANGELES_CLIPPERS,Outcome.WIN,1959,14,30,0,7,7,9,1,5,5,3,0,10,4,35,15.9,12
4,2016-11-03,Team.OKLAHOMA_CITY_THUNDER,Location.AWAY,Team.GOLDEN_STATE_WARRIORS,Outcome.LOSS,1732,4,15,2,4,10,14,1,5,10,1,2,6,3,20,13.9,-9
5,2016-11-05,Team.OKLAHOMA_CITY_THUNDER,Location.HOME,Team.MINNESOTA_TIMBERWOLVES,Outcome.WIN,1702,9,18,4,5,6,8,2,4,8,3,0,2,3,28,26.2,24
6,2016-11-07,Team.OKLAHOMA_CITY_THUNDER,Location.HOME,Team.MIAMI_HEAT,Outcome.WIN,1599,5,16,1,6,3,3,2,3,11,0,0,5,2,14,9.0,24
7,2016-11-09,Team.OKLAHOMA_CITY_THUNDER,Location.HOME,Team.TORONTO_RAPTORS,Outcome.LOSS,2326,9,26,3,12,15,18,2,5,7,1,2,8,2,36,21.6,-3
8,2016-11-11,Team.OKLAHOMA_CITY_THUNDER,Location.HOME,Team.LOS_ANGELES_CLIPPERS,Outcome.LOSS,2116,9,25,3,5,8,9,1,13,9,1,0,4,5,29,20.6,-5
9,2016-11-13,Team.OKLAHOMA_CITY_THUNDER,Location.HOME,Team.ORLANDO_MAGIC,Outcome.LOSS,2258,14,21,0,3,13,18,2,10,16,0,0,2,2,41,42.7,9
10,2016-11-14,Team.OKLAHOMA_CITY_THUNDER,Location.AWAY,Team.DETROIT_PISTONS,Outcome.LOSS,2014,11,21,0,2,11,12,2,13,8,0,0,7,4,33,24.6,-7
11,2016-11-16,Team.OKLAHOMA_CITY_THUNDER,Location.HOME,Team.HOUSTON_ROCKETS,Outcome.WIN,2166,9,20,2,4,10,11,1,6,9,2,0,6,0,30,24.0,12
12,2016-11-18,Team.OKLAHOMA_CITY_THUNDER,Location.HOME,Team.BROOKLYN_NETS,Outcome.WIN,2031,13,21,0,1,4,5,3,7,13,1,0,3,0,30,31.4,21
13,2016-11-20,Team.OKLAHOMA_CITY_THUNDER,Location.HOME,Team.INDIANA_PACERS,Outcome.LOSS,2420,13,34,2,8,3,5,5,6,15,1,0,7,3,31,20.2,-18
14,2016-11-22,Team.OKLAHOMA_CITY_THUNDER,Location.AWAY,Team.LOS_ANGELES_LAKERS,Outcome.LOSS,2131,13,30,4,9,4,5,3,5,13,2,0,8,3,34,23.3,9
15,2016-11-23,Team.OKLAHOMA_CITY_THUNDER,Location.AWAY,Team.SACRAMENTO_KINGS,Outcome.LOSS,2104,7,18,1,5,16,19,1,10,9,2,0,3,1,31,28.6,-7
16,2016-11-25,Team.OKLAHOMA_CITY_THUNDER,Location.AWAY,Team.DENVER_NUGGETS,Outcome.WIN,2474,9,25,3,4,15,17,1,10,17,1,1,7,3,36,30.4,10
17,2016-11-26,Team.OKLAHOMA_CITY_THUNDER,Location.HOME,Team.DETROIT_PISTONS,Outcome.WIN,2239,8,22,0,5,1,2,3,10,15,1,1,5,2,17,15.9,14
18,2016-11-28,Team.OKLAHOMA_CITY_THUNDER,Location.AWAY,Team.NEW_YORK_KNICKS,Outcome.WIN,2182,9,23,2,3,7,7,5,12,14,2,0,7,3,27,25.2,5
19,2016-11-30,Team.OKLAHOMA_CITY_THUNDER,Location.HOME,Team.WASHINGTON_WIZARDS,Outcome.WIN,2467,12,35,1,6,10,10,4,10,11,2,0,5,3,35,24.6,4
20,2016-12-04,Team.OKLAHOMA_CITY_THUNDER,Location.HOME,Team.NEW_ORLEANS_PELICANS,Outcome.WIN,2251,10,23,2,8,6,9,1,16,12,1,0,10,1,28,19.2,13
21,2016-12-05,Team.OKLAHOMA_CITY_THUNDER,Location.AWAY,Team.ATLANTA_HAWKS,Outcome.WIN,2032,10,22,3,8,9,14,1,12,12,1,1,4,1,32,28.6,-4
22,2016-12-09,Team.OKLAHOMA_CITY_THUNDER,Location.HOME,Team.HOUSTON_ROCKETS,Outcome.LOSS,2136,8,25,0,7,11,12,1,9,10,3,0,8,3,27,16.5,-2
23,2016-12-11,Team.OKLAHOMA_CITY_THUNDER,Location.HOME,Team.BOSTON_CELTICS,Outcome.WIN,2172,14,26,2,5,7,12,3,9,6,2,0,7,3,37,25.2,9
24,2016-12-13,Team.OKLAHOMA_CITY_THUNDER,Location.AWAY,Team.PORTLAND_TRAIL_BLAZERS,Outcome.LOSS,1641,7,19,2,5,4,4,2,4,6,0,0,4,1,20,11.9,-10
25,2016-12-14,Team.OKLAHOMA_CITY_THUNDER,Location.AWAY,Team.UTAH_JAZZ,Outcome.LOSS,1838,7,25,2,5,11,13,1,5,5,1,0,5,4,27,11.6,-6
26,2016-12-17,Team.OKLAHOMA_CITY_THUNDER,Location.HOME,Team.PHOENIX_SUNS,Outcome.WIN,2041,9,17,1,2,7,7,0,11,22,2,1,5,3,26,32.9,16
27,2016-12-19,Team.OKLAHOMA_CITY_THUNDER,Location.HOME,Team.ATLANTA_HAWKS,Outcome.LOSS,2125,16,33,3,10,11,13,2,9,7,1,0,4,2,46,33.7,-2
28,2016-12-21,Team.OKLAHOMA_CITY_THUNDER,Location.AWAY,Team.NEW_ORLEANS_PELICANS,Outcome.WIN,2015,12,26,2,7,16,18,1,9,7,1,0,4,2,42,32.3,-4
29,2016-12-23,Team.OKLAHOMA_CITY_THUNDER,Location.AWAY,Team.BOSTON_CELTICS,Outcome.WIN,2090,13,25,5,7,14,16,1,10,11,1,0,4,1,45,39.9,10
30,2016-12-25,Team.OKLAHOMA_CITY_THUNDER,Location.HOME,Team.MINNESOTA_TIMBERWOLVES,Outcome.WIN,1969,11,25,1,4,8,9,3,4,15,1,1,5,2,31,27.2,12
31,2016-12-27,Team.OKLAHOMA_CITY_THUNDER,Location.AWAY,Team.MIAMI_HEAT,Outcome.WIN,2199,11,22,0,1,7,10,0,17,11,0,0,7,0,29,22.6,12
32,2016-12-29,Team.OKLAHOMA_CITY_THUNDER,Location.AWAY,Team.MEMPHIS_GRIZZLIES,Outcome.LOSS,1403,6,19,2,6,7,10,2,3,0,2,0,6,3,21,6.0,-13
33,2016-12-31,Team.OKLAHOMA_CITY_THUNDER,Location.HOME,Team.LOS_ANGELES_CLIPPERS,Outcome.WIN,1728,6,11,0,2,5,6,0,12,14,2,0,1,0,17,25.7,26
34,2017-01-02,Team.OKLAHOMA_CITY_THUNDER,Location.AWAY,Team.MILWAUKEE_BUCKS,Outcome.LOSS,2155,9,28,2,10,10,11,0,7,6,3,0,5,3,30,16.7,3
35,2017-01-04,Team.OKLAHOMA_CITY_THUNDER,Location.AWAY,Team.CHARLOTTE_HORNETS,Outcome.LOSS,2028,10,31,2,12,11,13,3,12,8,2,1,4,5,33,22.5,-8
36,2017-01-05,Team.OKLAHOMA_CITY_THUNDER,Location.AWAY,Team.HOUSTON_ROCKETS,Outcome.LOSS,2251,16,34,8,15,9,11,1,7,5,2,0,5,2,49,33.3,2
37,2017-01-07,Team.OKLAHOMA_CITY_THUNDER,Location.HOME,Team.DENVER_NUGGETS,Outcome.WIN,2100,10,20,7,12,5,6,2,15,11,3,0,5,3,32,32.0,24
38,2017-01-09,Team.OKLAHOMA_CITY_THUNDER,Location.AWAY,Team.CHICAGO_BULLS,Outcome.WIN,1999,9,18,1,7,2,3,0,9,14,1,0,4,2,21,20.3,10
39,2017-01-11,Team.OKLAHOMA_CITY_THUNDER,Location.HOME,Team.MEMPHIS_GRIZZLIES,Outcome.WIN,2218,6,20,0,7,12,15,1,12,12,2,1,6,1,24,20.2,13
40,2017-01-13,Team.OKLAHOMA_CITY_THUNDER,Location.AWAY,Team.MINNESOTA_TIMBERWOLVES,Outcome.LOSS,2137,7,23,1,10,6,7,3,8,12,2,0,10,3,21,11.0,-10
41,2017-01-15,Team.OKLAHOMA_CITY_THUNDER,Location.AWAY,Team.SACRAMENTO_KINGS,Outcome.WIN,2158,11,21,4,5,10,11,2,9,10,4,0,7,1,36,33.0,-1
42,2017-01-16,Team.OKLAHOMA_CITY_THUNDER,Location.AWAY,Team.LOS_ANGELES_CLIPPERS,Outcome.LOSS,1757,7,19,2,7,8,9,1,4,4,2,0,4,2,24,15.0,-20
43,2017-01-18,Team.OKLAHOMA_CITY_THUNDER,Location.AWAY,Team.GOLDEN_STATE_WARRIORS,Outcome.LOSS,2114,8,23,1,6,10,11,4,11,13,2,2,10,5,27,20.3,-19
44,2017-01-23,Team.OKLAHOMA_CITY_THUNDER,Location.AWAY,Team.UTAH_JAZZ,Outcome.WIN,2174,11,29,3,7,13,17,1,10,10,4,1,6,3,38,28.7,4
45,2017-01-25,Team.OKLAHOMA_CITY_THUNDER,Location.AWAY,Team.NEW_ORLEANS_PELICANS,Outcome.WIN,2140,7,22,4,9,9,12,1,11,10,1,1,8,3,27,16.7,-1
46,2017-01-26,Team.OKLAHOMA_CITY_THUNDER,Location.HOME,Team.DALLAS_MAVERICKS,Outcome.WIN,2110,16,29,4,8,9,11,1,7,3,2,0,4,2,45,32.4,19
47,2017-01-29,Team.OKLAHOMA_CITY_THUNDER,Location.AWAY,Team.CLEVELAND_CAVALIERS,Outcome.LOSS,2182,7,26,1,6,5,8,5,7,10,1,1,4,3,20,12.5,-18
48,2017-01-31,Team.OKLAHOMA_CITY_THUNDER,Location.AWAY,Team.SAN_ANTONIO_SPURS,Outcome.LOSS,2024,7,17,3,7,10,10,1,5,14,1,0,6,4,27,23.3,8
49,2017-02-01,Team.OKLAHOMA_CITY_THUNDER,Location.HOME,Team.CHICAGO_BULLS,Outcome.LOSS,1765,10,23,2,7,6,8,1,4,8,2,1,3,1,28,21.9,-23
50,2017-02-03,Team.OKLAHOMA_CITY_THUNDER,Location.HOME,Team.MEMPHIS_GRIZZLIES,Outcome.WIN,2259,8,20,5,7,17,17,2,11,12,3,0,5,2,38,37.5,17
51,2017-02-05,Team.OKLAHOMA_CITY_THUNDER,Location.HOME,Team.PORTLAND_TRAIL_BLAZERS,Outcome.WIN,2110,16,34,1,6,9,11,1,3,8,0,0,4,3,42,25.8,7
52,2017-02-06,Team.OKLAHOMA_CITY_THUNDER,Location.AWAY,Team.INDIANA_PACERS,Outcome.LOSS,2227,10,27,4,10,3,4,2,16,9,1,2,4,3,27,21.4,1
53,2017-02-09,Team.OKLAHOMA_CITY_THUNDER,Location.HOME,Team.CLEVELAND_CAVALIERS,Outcome.WIN,2123,11,27,2,6,5,5,1,11,11,4,0,7,4,29,21.6,3
54,2017-02-11,Team.OKLAHOMA_CITY_THUNDER,Location.HOME,Team.GOLDEN_STATE_WARRIORS,Outcome.LOSS,2229,14,26,3,10,16,18,1,10,8,1,0,11,5,47,30.9,-13
55,2017-02-13,Team.OKLAHOMA_CITY_THUNDER,Location.AWAY,Team.WASHINGTON_WIZARDS,Outcome.LOSS,1452,5,19,0,4,7,7,2,2,4,2,0,2,0,17,10.5,-36
56,2017-02-15,Team.OKLAHOMA_CITY_THUNDER,Location.HOME,Team.NEW_YORK_KNICKS,Outcome.WIN,2264,13,22,3,5,9,13,3,11,12,3,1,6,0,38,37.7,13
57,2017-02-24,Team.OKLAHOMA_CITY_THUNDER,Location.HOME,Team.LOS_ANGELES_LAKERS,Outcome.WIN,2116,4,18,1,5,8,9,2,16,17,3,0,6,1,17,20.3,19
58,2017-02-26,Team.OKLAHOMA_CITY_THUNDER,Location.HOME,Team.NEW_ORLEANS_PELICANS,Outcome.WIN,2213,14,29,2,8,11,12,2,9,11,1,0,9,2,41,28.9,3
59,2017-02-28,Team.OKLAHOMA_CITY_THUNDER,Location.HOME,Team.UTAH_JAZZ,Outcome.WIN,2327,13,28,6,9,11,12,0,11,10,0,0,8,1,43,30.1,9
60,2017-03-02,Team.OKLAHOMA_CITY_THUNDER,Location.AWAY,Team.PORTLAND_TRAIL_BLAZERS,Outcome.LOSS,2212,12,36,6,16,15,15,2,5,4,1,1,4,0,45,28.0,-7
61,2017-03-03,Team.OKLAHOMA_CITY_THUNDER,Location.AWAY,Team.PHOENIX_SUNS,Outcome.LOSS,2285,14,30,3,12,17,18,1,16,9,3,0,4,4,48,41.4,10
62,2017-03-05,Team.OKLAHOMA_CITY_THUNDER,Location.AWAY,Team.DALLAS_MAVERICKS,Outcome.LOSS,2041,8,24,2,10,11,13,0,6,5,2,1,1,4,29,20.0,-14
63,2017-03-07,Team.OKLAHOMA_CITY_THUNDER,Location.HOME,Team.PORTLAND_TRAIL_BLAZERS,Outcome.LOSS,2156,21,39,3,9,13,16,1,2,9,3,1,4,4,58,43.6,7
64,2017-03-09,Team.OKLAHOMA_CITY_THUNDER,Location.HOME,Team.SAN_ANTONIO_SPURS,Outcome.WIN,2108,7,21,1,6,8,9,3,10,13,2,0,3,2,23,23.1,12
65,2017-03-11,Team.OKLAHOMA_CITY_THUNDER,Location.HOME,Team.UTAH_JAZZ,Outcome.WIN,2178,9,26,3,10,12,13,1,10,14,2,2,5,1,33,29.5,12
66,2017-03-14,Team.OKLAHOMA_CITY_THUNDER,Location.AWAY,Team.BROOKLYN_NETS,Outcome.WIN,2082,6,18,2,7,11,13,1,11,19,2,1,5,3,25,27.8,7
67,2017-03-16,Team.OKLAHOMA_CITY_THUNDER,Location.AWAY,Team.TORONTO_RAPTORS,Outcome.WIN,1670,8,17,4,8,4,4,0,10,16,1,0,2,2,24,27.7,26
68,2017-03-18,Team.OKLAHOMA_CITY_THUNDER,Location.HOME,Team.SACRAMENTO_KINGS,Outcome.WIN,2159,9,20,4,9,6,7,3,5,10,4,0,7,1,28,24.4,13
69,2017-03-20,Team.OKLAHOMA_CITY_THUNDER,Location.HOME,Team.GOLDEN_STATE_WARRIORS,Outcome.LOSS,1633,4,16,1,6,6,7,0,8,7,2,0,5,4,15,7.7,-25
70,2017-03-22,Team.OKLAHOMA_CITY_THUNDER,Location.HOME,Team.PHILADELPHIA_76ERS,Outcome.WIN,1671,6,6,0,0,6,6,0,11,14,0,2,5,1,18,25.3,21
71,2017-03-26,Team.OKLAHOMA_CITY_THUNDER,Location.AWAY,Team.HOUSTON_ROCKETS,Outcome.LOSS,2338,13,24,3,9,10,16,0,11,13,0,0,5,4,39,30.8,-14
72,2017-03-27,Team.OKLAHOMA_CITY_THUNDER,Location.AWAY,Team.DALLAS_MAVERICKS,Outcome.WIN,2181,15,30,2,9,5,5,0,13,10,2,0,6,0,37,28.9,12
73,2017-03-29,Team.OKLAHOMA_CITY_THUNDER,Location.AWAY,Team.ORLANDO_MAGIC,Outcome.WIN,2509,21,40,6,15,9,11,3,10,11,3,0,7,3,57,44.2,8
74,2017-03-31,Team.OKLAHOMA_CITY_THUNDER,Location.HOME,Team.SAN_ANTONIO_SPURS,Outcome.LOSS,2219,8,22,2,7,14,15,2,13,12,0,0,8,1,32,24.7,-10
75,2017-04-02,Team.OKLAHOMA_CITY_THUNDER,Location.HOME,Team.CHARLOTTE_HORNETS,Outcome.LOSS,2172,14,31,7,15,5,5,1,12,10,2,0,8,1,40,28.8,-6
76,2017-04-04,Team.OKLAHOMA_CITY_THUNDER,Location.HOME,Team.MILWAUKEE_BUCKS,Outcome.WIN,1625,4,12,2,4,2,2,3,10,13,2,0,3,2,12,17.6,19
77,2017-04-05,Team.OKLAHOMA_CITY_THUNDER,Location.AWAY,Team.MEMPHIS_GRIZZLIES,Outcome.WIN,2252,14,25,8,13,9,12,0,9,10,4,0,7,4,45,37.0,3
78,2017-04-07,Team.OKLAHOMA_CITY_THUNDER,Location.AWAY,Team.PHOENIX_SUNS,Outcome.LOSS,2184,6,25,2,12,9,9,6,6,8,0,1,8,5,23,10.2,-15
79,2017-04-09,Team.OKLAHOMA_CITY_THUNDER,Location.AWAY,Team.DENVER_NUGGETS,Outcome.WIN,2217,17,32,5,12,11,11,2,14,10,1,0,2,1,50,45.6,10
80,2017-04-12,Team.OKLAHOMA_CITY_THUNDER,Location.HOME,Team.DENVER_NUGGETS,Outcome.LOSS,1099,2,10,1,5,0,0,0,5,8,0,1,3,2,5,2.8,-5
0,2017-10-19,Team.OKLAHOMA_CITY_THUNDER,Location.HOME,Team.NEW_YORK_KNICKS,Outcome.WIN,1998,7,12,0,1,7,10,2,8,16,0,1,7,4,21,21.3,29
1,2017-10-21,Team.OKLAHOMA_CITY_THUNDER,Location.AWAY,Team.UTAH_JAZZ,Outcome.LOSS,2161,2,11,1,5,1,4,2,11,9,2,0,7,2,6,3.1,-18
2,2017-10-22,Team.OKLAHOMA_CITY_THUNDER,Location.HOME,Team.MINNESOTA_TIMBERWOLVES,Outcome.LOSS,2191,12,24,5,8,2,4,0,5,10,0,1,2,0,31,25.4,-17
3,2017-10-25,Team.OKLAHOMA_CITY_THUNDER,Location.HOME,Team.INDIANA_PACERS,Outcome.WIN,2109,10,18,2,4,6,10,1,9,16,3,0,7,3,28,27.2,27
4,2017-10-27,Team.OKLAHOMA_CITY_THUNDER,Location.AWAY,Team.MINNESOTA_TIMBERWOLVES,Outcome.LOSS,2206,10,18,1,3,6,8,1,7,9,2,0,8,5,27,18.7,-13
5,2017-10-28,Team.OKLAHOMA_CITY_THUNDER,Location.AWAY,Team.CHICAGO_BULLS,Outcome.WIN,1705,5,13,0,2,2,3,2,11,13,2,0,2,2,12,17.5,26
6,2017-10-31,Team.OKLAHOMA_CITY_THUNDER,Location.AWAY,Team.MILWAUKEE_BUCKS,Outcome.WIN,1595,5,12,0,2,2,3,1,9,10,0,0,4,2,12,10.8,13
7,2017-11-03,Team.OKLAHOMA_CITY_THUNDER,Location.HOME,Team.BOSTON_CELTICS,Outcome.LOSS,2266,7,20,3,7,2,2,1,5,11,1,0,6,5,19,10.7,-7
8,2017-11-05,Team.OKLAHOMA_CITY_THUNDER,Location.AWAY,Team.PORTLAND_TRAIL_BLAZERS,Outcome.LOSS,2139,10,25,3,10,2,7,0,6,9,2,0,1,4,25,17.0,-15
9,2017-11-07,Team.OKLAHOMA_CITY_THUNDER,Location.AWAY,Team.SACRAMENTO_KINGS,Outcome.LOSS,2195,7,21,2,8,4,5,0,12,6,3,0,7,2,20,10.7,2
10,2017-11-09,Team.OKLAHOMA_CITY_THUNDER,Location.AWAY,Team.DENVER_NUGGETS,Outcome.LOSS,2124,6,22,1,6,0,3,4,3,5,3,0,3,2,13,5.2,-9
11,2017-11-10,Team.OKLAHOMA_CITY_THUNDER,Location.HOME,Team.LOS_ANGELES_CLIPPERS,Outcome.WIN,2035,8,16,1,3,5,6,1,2,8,3,0,4,3,22,18.3,19
12,2017-11-12,Team.OKLAHOMA_CITY_THUNDER,Location.HOME,Team.DALLAS_MAVERICKS,Outcome.WIN,1961,6,18,3,5,12,13,0,6,5,3,0,4,2,27,19.9,14
13,2017-11-15,Team.OKLAHOMA_CITY_THUNDER,Location.HOME,Team.CHICAGO_BULLS,Outcome.WIN,1913,6,13,2,5,7,7,0,5,7,4,0,4,3,21,19.5,18
14,2017-11-17,Team.OKLAHOMA_CITY_THUNDER,Location.AWAY,Team.SAN_ANTONIO_SPURS,Outcome.LOSS,2270,5,22,0,4,5,5,3,6,9,0,0,2,3,15,8.6,0
15,2017-11-20,Team.OKLAHOMA_CITY_THUNDER,Location.AWAY,Team.NEW_ORLEANS_PELICANS,Outcome.LOSS,2317,6,19,2,7,8,10,3,13,12,3,0,3,3,22,23.5,9
16,2017-11-22,Team.OKLAHOMA_CITY_THUNDER,Location.HOME,Team.GOLDEN_STATE_WARRIORS,Outcome.WIN,2216,13,27,1,4,7,8,2,8,9,4,0,6,2,34,27.2,17
17,2017-11-24,Team.OKLAHOMA_CITY_THUNDER,Location.HOME,Team.DETROIT_PISTONS,Outcome.LOSS,2342,10,29,1,10,6,7,1,10,11,3,0,5,2,27,18.9,0
18,2017-11-25,Team.OKLAHOMA_CITY_THUNDER,Location.AWAY,Team.DALLAS_MAVERICKS,Outcome.LOSS,2373,9,19,4,8,6,9,1,11,9,1,0,4,2,28,23.6,-2
19,2017-11-29,Team.OKLAHOMA_CITY_THUNDER,Location.AWAY,Team.ORLANDO_MAGIC,Outcome.LOSS,2267,11,23,7,10,8,12,4,7,5,5,0,7,3,37,28.9,-5
20,2017-12-01,Team.OKLAHOMA_CITY_THUNDER,Location.HOME,Team.MINNESOTA_TIMBERWOLVES,Outcome.WIN,2211,6,21,0,8,3,4,4,5,14,2,0,7,2,15,10.6,-3
21,2017-12-03,Team.OKLAHOMA_CITY_THUNDER,Location.HOME,Team.SAN_ANTONIO_SPURS,Outcome.WIN,2311,9,22,2,2,2,6,3,6,10,1,0,7,2,22,12.7,8
22,2017-12-05,Team.OKLAHOMA_CITY_THUNDER,Location.HOME,Team.UTAH_JAZZ,Outcome.WIN,2295,12,25,2,9,8,9,0,12,14,1,1,7,3,34,27.8,4
23,2017-12-07,Team.OKLAHOMA_CITY_THUNDER,Location.AWAY,Team.BROOKLYN_NETS,Outcome.LOSS,2133,10,27,2,6,9,12,0,8,6,0,0,3,4,31,16.9,-9
24,2017-12-09,Team.OKLAHOMA_CITY_THUNDER,Location.AWAY,Team.MEMPHIS_GRIZZLIES,Outcome.WIN,2586,7,29,1,12,5,8,3,8,14,1,0,3,5,20,11.6,11
25,2017-12-11,Team.OKLAHOMA_CITY_THUNDER,Location.HOME,Team.CHARLOTTE_HORNETS,Outcome.LOSS,2171,10,22,1,2,9,9,1,3,7,3,0,2,3,30,24.9,-12
26,2017-12-13,Team.OKLAHOMA_CITY_THUNDER,Location.AWAY,Team.INDIANA_PACERS,Outcome.WIN,2162,3,17,1,3,3,7,3,14,12,2,0,5,0,10,9.4,2
27,2017-12-15,Team.OKLAHOMA_CITY_THUNDER,Location.AWAY,Team.PHILADELPHIA_76ERS,Outcome.WIN,3128,10,33,2,5,5,12,5,12,15,2,0,6,1,27,18.3,-4
28,2017-12-16,Team.OKLAHOMA_CITY_THUNDER,Location.AWAY,Team.NEW_YORK_KNICKS,Outcome.LOSS,2135,9,18,0,3,7,10,2,5,7,2,0,4,3,25,19.4,-4
29,2017-12-18,Team.OKLAHOMA_CITY_THUNDER,Location.HOME,Team.DENVER_NUGGETS,Outcome.WIN,2206,16,28,1,3,5,7,2,7,6,3,1,3,2,38,31.6,13
30,2017-12-20,Team.OKLAHOMA_CITY_THUNDER,Location.HOME,Team.UTAH_JAZZ,Outcome.WIN,1649,10,13,0,0,4,4,4,6,7,4,0,1,2,24,30.6,36
31,2017-12-22,Team.OKLAHOMA_CITY_THUNDER,Location.HOME,Team.ATLANTA_HAWKS,Outcome.WIN,2132,12,17,1,2,5,5,1,6,15,2,1,3,0,30,35.6,6
32,2017-12-23,Team.OKLAHOMA_CITY_THUNDER,Location.AWAY,Team.UTAH_JAZZ,Outcome.WIN,2292,11,24,2,3,3,4,2,8,10,1,1,2,3,27,23.5,12
33,2017-12-25,Team.OKLAHOMA_CITY_THUNDER,Location.HOME,Team.HOUSTON_ROCKETS,Outcome.WIN,2216,12,24,0,1,7,8,0,6,11,3,0,5,3,31,24.9,11
34,2017-12-27,Team.OKLAHOMA_CITY_THUNDER,Location.HOME,Team.TORONTO_RAPTORS,Outcome.WIN,2129,11,22,0,1,8,10,2,6,13,2,0,7,1,30,25.1,26
35,2017-12-29,Team.OKLAHOMA_CITY_THUNDER,Location.HOME,Team.MILWAUKEE_BUCKS,Outcome.LOSS,2402,16,34,2,9,6,9,3,11,9,1,0,5,4,40,27.5,0
36,2017-12-31,Team.OKLAHOMA_CITY_THUNDER,Location.HOME,Team.DALLAS_MAVERICKS,Outcome.LOSS,2205,17,28,0,4,4,7,1,14,11,1,0,2,2,38,34.8,0
37,2018-01-03,Team.OKLAHOMA_CITY_THUNDER,Location.AWAY,Team.LOS_ANGELES_LAKERS,Outcome.WIN,1678,10,17,0,0,0,0,0,6,12,1,0,2,0,20,21.3,26
38,2018-01-04,Team.OKLAHOMA_CITY_THUNDER,Location.AWAY,Team.LOS_ANGELES_CLIPPERS,Outcome.WIN,2285,11,24,2,2,5,6,2,10,11,1,0,6,3,29,22.1,6
39,2018-01-07,Team.OKLAHOMA_CITY_THUNDER,Location.AWAY,Team.PHOENIX_SUNS,Outcome.LOSS,2023,11,21,1,1,3,7,3,7,11,2,0,6,2,26,21.2,-10
40,2018-01-09,Team.OKLAHOMA_CITY_THUNDER,Location.HOME,Team.PORTLAND_TRAIL_BLAZERS,Outcome.LOSS,2110,7,20,1,3,7,10,2,7,12,3,2,6,1,22,19.5,-13
41,2018-01-10,Team.OKLAHOMA_CITY_THUNDER,Location.AWAY,Team.MINNESOTA_TIMBERWOLVES,Outcome.LOSS,2125,15,23,1,2,7,9,2,8,5,4,0,4,0,38,34.4,-13
42,2018-01-13,Team.OKLAHOMA_CITY_THUNDER,Location.AWAY,Team.CHARLOTTE_HORNETS,Outcome.WIN,2194,10,27,0,3,5,7,2,8,7,2,1,3,1,25,17.3,5
43,2018-01-15,Team.OKLAHOMA_CITY_THUNDER,Location.HOME,Team.SACRAMENTO_KINGS,Outcome.WIN,1975,8,14,0,1,3,7,3,13,9,1,0,10,2,19,13.3,13
44,2018-01-17,Team.OKLAHOMA_CITY_THUNDER,Location.HOME,Team.LOS_ANGELES_LAKERS,Outcome.WIN,1695,8,22,1,3,2,3,2,4,7,2,0,3,1,19,12.5,20
45,2018-01-20,Team.OKLAHOMA_CITY_THUNDER,Location.AWAY,Team.CLEVELAND_CAVALIERS,Outcome.WIN,2077,9,17,1,1,4,5,2,7,20,2,0,5,1,23,28.4,26
46,2018-01-23,Team.OKLAHOMA_CITY_THUNDER,Location.HOME,Team.BROOKLYN_NETS,Outcome.WIN,2186,12,27,0,4,8,11,1,4,6,1,0,1,2,32,22.0,-10
47,2018-01-25,Team.OKLAHOMA_CITY_THUNDER,Location.HOME,Team.WASHINGTON_WIZARDS,Outcome.WIN,2201,19,29,1,3,7,10,0,6,6,2,0,6,3,46,32.9,0
48,2018-01-27,Team.OKLAHOMA_CITY_THUNDER,Location.AWAY,Team.DETROIT_PISTONS,Outcome.WIN,2184,13,22,3,4,2,4,4,7,13,2,0,6,3,31,28.8,20
49,2018-01-28,Team.OKLAHOMA_CITY_THUNDER,Location.HOME,Team.PHILADELPHIA_76ERS,Outcome.WIN,2437,14,33,1,6,8,11,2,7,14,2,0,2,3,37,30.4,22
50,2018-01-30,Team.OKLAHOMA_CITY_THUNDER,Location.AWAY,Team.WASHINGTON_WIZARDS,Outcome.LOSS,2183,5,18,1,4,2,2,2,4,10,4,0,7,3,13,7.8,-7
51,2018-02-01,Team.OKLAHOMA_CITY_THUNDER,Location.AWAY,Team.DENVER_NUGGETS,Outcome.LOSS,2356,7,18,2,5,4,4,0,9,21,2,1,3,5,20,25.3,-8
52,2018-02-02,Team.OKLAHOMA_CITY_THUNDER,Location.HOME,Team.NEW_ORLEANS_PELICANS,Outcome.LOSS,2162,7,21,1,7,1,1,2,9,14,1,0,9,3,16,8.8,-9
53,2018-02-04,Team.OKLAHOMA_CITY_THUNDER,Location.HOME,Team.LOS_ANGELES_LAKERS,Outcome.LOSS,2374,15,25,0,4,6,8,1,4,9,1,0,7,1,36,25.5,-10
54,2018-02-06,Team.OKLAHOMA_CITY_THUNDER,Location.AWAY,Team.GOLDEN_STATE_WARRIORS,Outcome.WIN,2165,13,26,2,5,6,6,0,9,9,0,0,4,2,34,25.2,20
55,2018-02-13,Team.OKLAHOMA_CITY_THUNDER,Location.HOME,Team.CLEVELAND_CAVALIERS,Outcome.LOSS,2338,7,19,0,3,7,8,2,5,12,2,0,1,2,21,21.6,-3
56,2018-02-14,Team.OKLAHOMA_CITY_THUNDER,Location.AWAY,Team.MEMPHIS_GRIZZLIES,Outcome.WIN,2222,6,14,0,4,11,12,2,11,15,1,2,4,1,23,28.4,14
57,2018-02-22,Team.OKLAHOMA_CITY_THUNDER,Location.AWAY,Team.SACRAMENTO_KINGS,Outcome.WIN,2302,4,14,1,6,8,10,0,15,11,2,0,8,1,17,13.8,4
58,2018-02-24,Team.OKLAHOMA_CITY_THUNDER,Location.AWAY,Team.GOLDEN_STATE_WARRIORS,Outcome.LOSS,1890,4,15,1,5,6,6,2,10,7,2,0,5,1,15,12.0,-19
59,2018-02-26,Team.OKLAHOMA_CITY_THUNDER,Location.HOME,Team.ORLANDO_MAGIC,Outcome.WIN,2125,3,12,0,1,2,2,2,10,11,1,0,7,5,8,4.9,-5
60,2018-02-28,Team.OKLAHOMA_CITY_THUNDER,Location.AWAY,Team.DALLAS_MAVERICKS,Outcome.WIN,2496,11,25,0,5,8,9,3,8,7,3,1,9,3,30,19.4,8
61,2018-03-02,Team.OKLAHOMA_CITY_THUNDER,Location.AWAY,Team.PHOENIX_SUNS,Outcome.WIN,2382,16,25,2,4,9,11,7,7,8,1,1,5,2,43,39.6,2
62,2018-03-03,Team.OKLAHOMA_CITY_THUNDER,Location.AWAY,Team.PORTLAND_TRAIL_BLAZERS,Outcome.LOSS,2082,12,31,1,5,5,7,2,9,6,0,1,4,4,30,15.7,-7
63,2018-03-06,Team.OKLAHOMA_CITY_THUNDER,Location.HOME,Team.HOUSTON_ROCKETS,Outcome.LOSS,2366,15,27,0,4,2,2,2,2,7,1,1,9,4,32,17.1,-4
64,2018-03-08,Team.OKLAHOMA_CITY_THUNDER,Location.HOME,Team.PHOENIX_SUNS,Outcome.WIN,1769,11,14,0,0,5,7,0,8,9,0,0,2,1,27,27.1,27
65,2018-03-10,Team.OKLAHOMA_CITY_THUNDER,Location.HOME,Team.SAN_ANTONIO_SPURS,Outcome.WIN,2133,7,15,0,1,7,11,1,11,10,1,0,5,1,21,18.3,1
66,2018-03-12,Team.OKLAHOMA_CITY_THUNDER,Location.HOME,Team.SACRAMENTO_KINGS,Outcome.WIN,2176,7,19,2,3,1,3,0,10,11,0,0,2,2,17,13.6,4
67,2018-03-13,Team.OKLAHOMA_CITY_THUNDER,Location.AWAY,Team.ATLANTA_HAWKS,Outcome.WIN,2126,12,20,0,0,8,10,4,8,12,1,1,4,3,32,32.1,20
68,2018-03-16,Team.OKLAHOMA_CITY_THUNDER,Location.HOME,Team.LOS_ANGELES_CLIPPERS,Outcome.WIN,2190,7,17,0,1,2,2,1,9,11,0,0,6,3,16,10.8,-1
69,2018-03-18,Team.OKLAHOMA_CITY_THUNDER,Location.AWAY,Team.TORONTO_RAPTORS,Outcome.WIN,2242,15,22,1,1,6,8,5,8,14,2,0,5,3,37,38.3,17
70,2018-03-20,Team.OKLAHOMA_CITY_THUNDER,Location.AWAY,Team.BOSTON_CELTICS,Outcome.LOSS,2209,9,21,2,5,7,11,2,6,7,1,0,5,2,27,17.6,5
71,2018-03-23,Team.OKLAHOMA_CITY_THUNDER,Location.HOME,Team.MIAMI_HEAT,Outcome.WIN,2155,9,15,2,2,9,10,0,13,8,1,0,5,4,29,25.6,-3
72,2018-03-25,Team.OKLAHOMA_CITY_THUNDER,Location.HOME,Team.PORTLAND_TRAIL_BLAZERS,Outcome.LOSS,2154,9,20,1,2,4,6,1,7,9,4,0,3,6,23,19.5,-2
73,2018-03-29,Team.OKLAHOMA_CITY_THUNDER,Location.AWAY,Team.SAN_ANTONIO_SPURS,Outcome.LOSS,2262,7,19,0,4,5,8,1,10,5,3,1,7,5,19,9.2,7
74,2018-03-30,Team.OKLAHOMA_CITY_THUNDER,Location.HOME,Team.DENVER_NUGGETS,Outcome.LOSS,2641,12,32,4,9,5,8,3,6,13,2,1,2,2,33,27.1,2
75,2018-04-01,Team.OKLAHOMA_CITY_THUNDER,Location.AWAY,Team.NEW_ORLEANS_PELICANS,Outcome.WIN,2202,9,17,0,1,8,11,1,14,13,2,0,7,5,26,23.5,15
76,2018-04-03,Team.OKLAHOMA_CITY_THUNDER,Location.HOME,Team.GOLDEN_STATE_WARRIORS,Outcome.LOSS,2436,15,26,3,7,11,12,5,11,6,2,0,6,3,44,37.2,3
77,2018-04-07,Team.OKLAHOMA_CITY_THUNDER,Location.AWAY,Team.HOUSTON_ROCKETS,Outcome.WIN,2267,10,28,1,3,3,5,5,2,10,4,1,4,4,24,17.8,3
78,2018-04-09,Team.OKLAHOMA_CITY_THUNDER,Location.AWAY,Team.MIAMI_HEAT,Outcome.WIN,2276,8,21,2,5,5,6,3,15,13,1,0,6,3,23,20.6,12
79,2018-04-11,Team.OKLAHOMA_CITY_THUNDER,Location.HOME,Team.MEMPHIS_GRIZZLIES,Outcome.WIN,2224,2,9,0,2,2,3,3,17,19,2,0,5,0,6,17.6,17
0,2018-10-21,Team.OKLAHOMA_CITY_THUNDER,Location.HOME,Team.SACRAMENTO_KINGS,Outcome.LOSS,2109,13,23,1,6,5,11,2,10,8,0,0,5,2,32,22.9,-13
1,2018-10-25,Team.OKLAHOMA_CITY_THUNDER,Location.HOME,Team.BOSTON_CELTICS,Outcome.LOSS,1942,5,20,0,5,3,5,1,14,8,0,0,5,5,13,3.7,-5
2,2018-10-28,Team.OKLAHOMA_CITY_THUNDER,Location.HOME,Team.PHOENIX_SUNS,Outcome.WIN,1852,8,13,0,0,7,10,1,8,7,4,0,6,3,23,20.7,8
3,2018-10-30,Team.OKLAHOMA_CITY_THUNDER,Location.HOME,Team.LOS_ANGELES_CLIPPERS,Outcome.WIN,2010,13,25,1,3,5,7,2,2,8,3,1,3,4,32,25.6,18
4,2018-11-01,Team.OKLAHOMA_CITY_THUNDER,Location.AWAY,Team.CHARLOTTE_HORNETS,Outcome.WIN,2228,12,24,0,3,5,7,1,7,10,3,0,3,3,29,24.8,3
5,2018-11-02,Team.OKLAHOMA_CITY_THUNDER,Location.AWAY,Team.WASHINGTON_WIZARDS,Outcome.WIN,1560,10,16,0,1,3,4,0,3,12,4,0,1,1,23,27.3,10
6,2018-11-05,Team.OKLAHOMA_CITY_THUNDER,Location.HOME,Team.NEW_ORLEANS_PELICANS,Outcome.WIN,1511,6,16,0,2,5,8,0,7,9,1,0,6,3,17,9.2,11
7,2018-11-19,Team.OKLAHOMA_CITY_THUNDER,Location.AWAY,Team.SACRAMENTO_KINGS,Outcome.LOSS,2194,12,25,4,10,1,2,2,11,7,3,0,4,5,29,22.5,4
8,2018-11-21,Team.OKLAHOMA_CITY_THUNDER,Location.AWAY,Team.GOLDEN_STATE_WARRIORS,Outcome.WIN,1973,5,15,1,5,0,2,0,11,13,2,1,4,4,11,11.2,25
9,2018-11-23,Team.OKLAHOMA_CITY_THUNDER,Location.HOME,Team.CHARLOTTE_HORNETS,Outcome.WIN,2082,10,18,1,4,9,11,0,12,8,2,0,4,3,30,26.6,17
10,2018-11-24,Team.OKLAHOMA_CITY_THUNDER,Location.HOME,Team.DENVER_NUGGETS,Outcome.LOSS,2369,6,23,1,12,3,7,3,7,12,1,0,4,5,16,8.3,-3
11,2018-11-28,Team.OKLAHOMA_CITY_THUNDER,Location.HOME,Team.CLEVELAND_CAVALIERS,Outcome.WIN,2235,10,17,2,5,1,2,1,17,15,2,0,3,3,23,28.8,12
12,2018-11-30,Team.OKLAHOMA_CITY_THUNDER,Location.HOME,Team.ATLANTA_HAWKS,Outcome.WIN,1844,8,15,2,4,5,6,1,8,10,1,0,5,4,23,19.8,18
13,2018-12-03,Team.OKLAHOMA_CITY_THUNDER,Location.AWAY,Team.DETROIT_PISTONS,Outcome.WIN,1739,7,17,2,7,2,3,1,5,6,2,0,5,2,18,11.1,24
14,2018-12-05,Team.OKLAHOMA_CITY_THUNDER,Location.AWAY,Team.BROOKLYN_NETS,Outcome.WIN,2381,9,23,2,9,1,2,2,13,17,1,0,2,5,21,22.3,10
15,2018-12-07,Team.OKLAHOMA_CITY_THUNDER,Location.AWAY,Team.CHICAGO_BULLS,Outcome.LOSS,2103,9,21,2,6,4,7,2,15,13,4,0,10,5,24,18.7,10
16,2018-12-10,Team.OKLAHOMA_CITY_THUNDER,Location.HOME,Team.UTAH_JAZZ,Outcome.WIN,2157,4,18,0,5,4,8,3,8,10,1,0,4,3,12,6.7,15
17,2018-12-12,Team.OKLAHOMA_CITY_THUNDER,Location.AWAY,Team.NEW_ORLEANS_PELICANS,Outcome.LOSS,2294,8,16,2,7,2,5,1,5,7,4,2,7,2,20,15.5,0
18,2018-12-14,Team.OKLAHOMA_CITY_THUNDER,Location.AWAY,Team.DENVER_NUGGETS,Outcome.LOSS,2175,5,15,1,3,2,2,1,13,8,4,1,4,3,13,14.2,-9
19,2018-12-15,Team.OKLAHOMA_CITY_THUNDER,Location.HOME,Team.LOS_ANGELES_CLIPPERS,Outcome.WIN,2160,4,17,3,4,2,3,2,7,12,6,0,4,3,13,15.0,0
20,2018-12-17,Team.OKLAHOMA_CITY_THUNDER,Location.HOME,Team.CHICAGO_BULLS,Outcome.WIN,1892,5,13,0,0,3,4,4,12,11,5,0,4,3,13,19.4,25
21,2018-12-19,Team.OKLAHOMA_CITY_THUNDER,Location.AWAY,Team.SACRAMENTO_KINGS,Outcome.WIN,2079,8,19,1,5,2,7,2,9,17,6,0,5,4,19,22.3,8
22,2018-12-22,Team.OKLAHOMA_CITY_THUNDER,Location.AWAY,Team.UTAH_JAZZ,Outcome.WIN,2096,3,17,0,4,2,2,0,12,9,3,0,6,6,8,1.8,-12
23,2018-12-23,Team.OKLAHOMA_CITY_THUNDER,Location.HOME,Team.MINNESOTA_TIMBERWOLVES,Outcome.LOSS,2150,10,19,1,1,2,4,1,10,10,1,0,4,6,23,18.2,7
24,2018-12-25,Team.OKLAHOMA_CITY_THUNDER,Location.AWAY,Team.HOUSTON_ROCKETS,Outcome.LOSS,2275,6,20,2,6,7,10,3,6,9,4,1,6,3,21,15.9,6
25,2018-12-28,Team.OKLAHOMA_CITY_THUNDER,Location.AWAY,Team.PHOENIX_SUNS,Outcome.WIN,2342,17,29,3,7,3,6,2,10,8,0,0,6,3,40,28.1,6
26,2018-12-30,Team.OKLAHOMA_CITY_THUNDER,Location.AWAY,Team.DALLAS_MAVERICKS,Outcome.LOSS,2255,4,22,0,8,1,2,0,9,8,6,0,5,2,9,3.3,-4
27,2018-12-31,Team.OKLAHOMA_CITY_THUNDER,Location.HOME,Team.DALLAS_MAVERICKS,Outcome.WIN,2071,13,24,0,1,6,6,0,11,11,4,0,5,4,32,28.8,22
28,2019-01-02,Team.OKLAHOMA_CITY_THUNDER,Location.AWAY,Team.LOS_ANGELES_LAKERS,Outcome.WIN,2159,3,20,1,7,7,10,1,15,10,2,2,4,4,14,10.0,1
29,2019-01-04,Team.OKLAHOMA_CITY_THUNDER,Location.AWAY,Team.PORTLAND_TRAIL_BLAZERS,Outcome.WIN,2229,13,28,0,2,5,6,0,9,7,1,0,3,3,31,20.6,7
30,2019-01-06,Team.OKLAHOMA_CITY_THUNDER,Location.HOME,Team.WASHINGTON_WIZARDS,Outcome.LOSS,2230,9,23,2,5,2,6,2,13,13,0,1,8,2,22,14.2,-7
31,2019-01-08,Team.OKLAHOMA_CITY_THUNDER,Location.HOME,Team.MINNESOTA_TIMBERWOLVES,Outcome.LOSS,2318,11,22,1,6,2,2,1,4,16,1,2,7,2,25,21.7,7
32,2019-01-10,Team.OKLAHOMA_CITY_THUNDER,Location.AWAY,Team.SAN_ANTONIO_SPURS,Outcome.LOSS,2975,11,22,0,4,2,5,2,11,24,2,0,3,4,24,30.7,-5
33,2019-01-12,Team.OKLAHOMA_CITY_THUNDER,Location.HOME,Team.SAN_ANTONIO_SPURS,Outcome.WIN,1964,9,24,1,2,5,5,2,8,7,2,0,4,4,24,15.9,7
34,2019-01-15,Team.OKLAHOMA_CITY_THUNDER,Location.AWAY,Team.ATLANTA_HAWKS,Outcome.LOSS,2130,10,21,0,3,11,14,2,4,11,5,0,2,2,31,31.6,1
35,2019-01-17,Team.OKLAHOMA_CITY_THUNDER,Location.HOME,Team.LOS_ANGELES_LAKERS,Outcome.LOSS,2601,7,30,5,12,7,10,2,7,13,1,1,3,5,26,15.9,5
36,2019-01-19,Team.OKLAHOMA_CITY_THUNDER,Location.AWAY,Team.PHILADELPHIA_76ERS,Outcome.WIN,2212,8,21,1,6,4,7,3,7,6,1,0,4,6,21,11.3,9
37,2019-01-21,Team.OKLAHOMA_CITY_THUNDER,Location.AWAY,Team.NEW_YORK_KNICKS,Outcome.WIN,1724,6,12,1,2,4,5,3,7,9,0,0,3,3,17,16.9,22
38,2019-01-22,Team.OKLAHOMA_CITY_THUNDER,Location.HOME,Team.PORTLAND_TRAIL_BLAZERS,Outcome.WIN,2203,9,20,1,4,10,12,2,8,14,1,0,5,4,29,25.8,5
39,2019-01-24,Team.OKLAHOMA_CITY_THUNDER,Location.HOME,Team.NEW_ORLEANS_PELICANS,Outcome.WIN,2201,9,19,1,3,4,8,1,16,16,2,0,4,3,23,25.2,14
40,2019-01-27,Team.OKLAHOMA_CITY_THUNDER,Location.HOME,Team.MILWAUKEE_BUCKS,Outcome.WIN,2165,5,20,2,5,1,2,1,12,11,1,1,4,3,13,9.1,-11
41,2019-01-29,Team.OKLAHOMA_CITY_THUNDER,Location.AWAY,Team.ORLANDO_MAGIC,Outcome.WIN,2301,7,12,1,2,8,12,1,13,14,0,1,5,3,23,24.7,-3
42,2019-02-01,Team.OKLAHOMA_CITY_THUNDER,Location.AWAY,Team.MIAMI_HEAT,Outcome.WIN,1915,6,10,0,1,2,5,1,11,14,1,1,4,0,14,19.7,11
43,2019-02-03,Team.OKLAHOMA_CITY_THUNDER,Location.AWAY,Team.BOSTON_CELTICS,Outcome.LOSS,2226,8,19,1,3,5,8,2,10,16,2,0,4,4,22,22.7,-5
44,2019-02-05,Team.OKLAHOMA_CITY_THUNDER,Location.HOME,Team.ORLANDO_MAGIC,Outcome.WIN,2147,5,14,0,2,6,10,1,14,16,1,1,7,3,16,16.2,9
45,2019-02-07,Team.OKLAHOMA_CITY_THUNDER,Location.HOME,Team.MEMPHIS_GRIZZLIES,Outcome.WIN,1994,5,16,1,4,4,6,1,12,15,4,0,1,3,15,21.6,18
46,2019-02-09,Team.OKLAHOMA_CITY_THUNDER,Location.AWAY,Team.HOUSTON_ROCKETS,Outcome.WIN,2304,8,21,1,5,4,5,0,12,11,2,1,10,3,21,11.9,2
47,2019-02-11,Team.OKLAHOMA_CITY_THUNDER,Location.HOME,Team.PORTLAND_TRAIL_BLAZERS,Outcome.WIN,2213,5,19,1,6,10,13,2,12,11,1,2,6,4,21,16.0,1
48,2019-02-14,Team.OKLAHOMA_CITY_THUNDER,Location.AWAY,Team.NEW_ORLEANS_PELICANS,Outcome.LOSS,2342,18,30,4,12,4,4,3,11,11,1,2,5,3,44,39.5,-15
49,2019-02-22,Team.OKLAHOMA_CITY_THUNDER,Location.HOME,Team.UTAH_JAZZ,Outcome.WIN,2574,15,29,6,13,7,10,2,13,8,2,1,5,6,43,33.7,9
50,2019-02-23,Team.OKLAHOMA_CITY_THUNDER,Location.HOME,Team.SACRAMENTO_KINGS,Outcome.LOSS,2119,15,30,5,12,6,8,1,9,4,1,1,7,5,41,24.1,-1
51,2019-02-26,Team.OKLAHOMA_CITY_THUNDER,Location.AWAY,Team.DENVER_NUGGETS,Outcome.LOSS,2133,8,14,2,5,4,8,4,10,9,0,0,7,5,22,16.9,-16
52,2019-02-28,Team.OKLAHOMA_CITY_THUNDER,Location.HOME,Team.PHILADELPHIA_76ERS,Outcome.LOSS,2251,8,24,1,9,6,9,0,11,11,1,1,4,3,23,15.7,-3
53,2019-03-02,Team.OKLAHOMA_CITY_THUNDER,Location.AWAY,Team.SAN_ANTONIO_SPURS,Outcome.LOSS,2025,7,17,1,5,4,7,1,8,8,1,0,7,2,19,10.6,-15
54,2019-03-03,Team.OKLAHOMA_CITY_THUNDER,Location.HOME,Team.MEMPHIS_GRIZZLIES,Outcome.WIN,2131,7,20,4,13,4,6,2,4,5,3,1,4,3,22,14.6,-1
55,2019-03-05,Team.OKLAHOMA_CITY_THUNDER,Location.AWAY,Team.MINNESOTA_TIMBERWOLVES,Outcome.LOSS,2307,15,28,5,10,3,7,2,11,6,0,0,2,3,38,28.5,-2
56,2019-03-07,Team.OKLAHOMA_CITY_THUNDER,Location.AWAY,Team.PORTLAND_TRAIL_BLAZERS,Outcome.WIN,2404,14,28,5,8,4,6,1,6,3,0,0,8,5,37,16.8,1
57,2019-03-08,Team.OKLAHOMA_CITY_THUNDER,Location.AWAY,Team.LOS_ANGELES_CLIPPERS,Outcome.LOSS,1918,12,23,2,9,6,8,0,8,7,0,1,1,6,32,24.5,-4
58,2019-03-11,Team.OKLAHOMA_CITY_THUNDER,Location.AWAY,Team.UTAH_JAZZ,Outcome.WIN,2240,9,19,2,4,3,6,0,11,8,1,1,3,2,23,18.9,10
59,2019-03-13,Team.OKLAHOMA_CITY_THUNDER,Location.HOME,Team.BROOKLYN_NETS,Outcome.WIN,2149,12,23,4,8,3,5,3,9,11,3,0,5,3,31,28.2,18
60,2019-03-14,Team.OKLAHOMA_CITY_THUNDER,Location.AWAY,Team.INDIANA_PACERS,Outcome.LOSS,2300,8,18,1,5,2,2,1,13,11,4,2,4,2,19,22.5,-1
61,2019-03-16,Team.OKLAHOMA_CITY_THUNDER,Location.HOME,Team.GOLDEN_STATE_WARRIORS,Outcome.LOSS,1916,2,16,0,7,3,4,0,8,9,1,1,4,5,7,0.6,-18
62,2019-03-20,Team.OKLAHOMA_CITY_THUNDER,Location.HOME,Team.TORONTO_RAPTORS,Outcome.LOSS,2635,16,29,5,10,5,8,2,9,6,1,0,9,3,42,26.0,-7
63,2019-03-22,Team.OKLAHOMA_CITY_THUNDER,Location.AWAY,Team.TORONTO_RAPTORS,Outcome.WIN,2206,6,20,2,9,4,5,4,8,13,4,1,3,3,18,20.8,18
64,2019-03-25,Team.OKLAHOMA_CITY_THUNDER,Location.AWAY,Team.MEMPHIS_GRIZZLIES,Outcome.LOSS,2205,6,20,1,6,3,6,0,5,7,0,0,1,3,16,7.4,-20
65,2019-03-27,Team.OKLAHOMA_CITY_THUNDER,Location.HOME,Team.INDIANA_PACERS,Outcome.WIN,2211,6,15,2,4,3,4,1,10,12,2,1,2,0,17,21.3,8
66,2019-03-29,Team.OKLAHOMA_CITY_THUNDER,Location.HOME,Team.DENVER_NUGGETS,Outcome.LOSS,2139,11,22,1,5,4,5,3,6,9,2,0,3,3,27,23.6,-1
67,2019-03-31,Team.OKLAHOMA_CITY_THUNDER,Location.HOME,Team.DALLAS_MAVERICKS,Outcome.LOSS,2259,9,19,3,8,4,4,2,9,11,2,0,3,2,25,25.3,-3
68,2019-04-02,Team.OKLAHOMA_CITY_THUNDER,Location.HOME,Team.LOS_ANGELES_LAKERS,Outcome.WIN,2208,8,23,2,9,2,3,5,15,21,3,0,2,2,20,29.6,24
69,2019-04-05,Team.OKLAHOMA_CITY_THUNDER,Location.HOME,Team.DETROIT_PISTONS,Outcome.WIN,2112,6,18,1,4,6,10,1,7,15,1,0,4,2,19,16.7,4
70,2019-04-07,Team.OKLAHOMA_CITY_THUNDER,Location.AWAY,Team.MINNESOTA_TIMBERWOLVES,Outcome.WIN,2291,10,22,2,6,5,7,1,9,15,1,0,4,3,27,24.5,-1
71,2019-04-09,Team.OKLAHOMA_CITY_THUNDER,Location.HOME,Team.HOUSTON_ROCKETS,Outcome.WIN,2224,11,23,4,10,3,3,2,10,10,0,0,3,4,29,24.1,3
72,2019-04-10,Team.OKLAHOMA_CITY_THUNDER,Location.AWAY,Team.MILWAUKEE_BUCKS,Outcome.WIN,2188,7,10,1,3,0,2,0,11,17,1,1,4,3,15,21.7,6
